country_names,temperature_change
Svalbard and Jan Mayen Islands,3.2635176470588227
Bahrain,1.9339882352941173
Kuwait,1.9227411764705877
Russian Federation,1.8728647058823535
Slovenia,1.8659000000000001
Belarus,1.8605941176470582
Eastern European,1.8569705882352932
Austria,1.8322529411764705
Estonia,1.7817705882352946
Europe,1.781329411764706